delivery_month,CA
1,3497.7
2,2694.7875
3,2203.1225
4,4737.0649999999987
5,4020.71
6,4612.915
7,5192.8755
8,5218.6720000000005
9,4607.326
10,8939.5635
11,7295.7325
12,6609.5715